{"stats":{"minecraft:dropped":{"easy_npc:easy_npc_wand":1,"minecraft:brown_mushroom":1,"minecraft:porkchop":1,"minecraft:diamond":1,"minecraft:orange_tulip":4,"minecraft:red_carpet":1,"minecraft:dirt":12,"minecraft:cornflower":1,"backpacked:backpack":1,"minecraft:light_gray_banner":1,"minecraft:bone_block":1,"minecraft:amethyst_shard":8,"minecraft:bone_meal":10,"minecraft:gold_ingot":2,"minecraft:blackstone":1,"minecraft:golden_chestplate":2,"minecraft:pig_spawn_egg":1,"minecraft:pointed_dripstone":1,"biomemakeover:willow_sapling":2,"minecraft:rotten_flesh":7,"minecraft:white_candle":7,"minecraft:carrot":9,"minecraft:oak_wood":56,"minecraft:beetroot_seeds":2,"minecraft:acacia_sapling":4,"alexsmobs:moose_ribs":1,"minecraft:arrow":9,"minecraft:prismarine_bricks":4,"minecraft:dripstone_block":10,"minecraft:cobblestone":7,"minecraft:book":1,"minecraft:amethyst_block":6,"minecraft:sheep_spawn_egg":2,"minecraft:copper_ingot":4,"minecraft:stick":10,"minecraft:black_candle":1,"tombstone:grave_key":1,"minecraft:string":3,"minecraft:spruce_sapling":1,"minecraft:redstone":4,"minecraft:smooth_basalt":5,"minecraft:coarse_dirt":1,"minecraft:polished_deepslate_slab":1,"minecraft:stripped_oak_log":1,"epicfight:diamond_dagger":1,"minecraft:lily_of_the_valley":4,"minecraft:cobblestone_slab":1,"minecraft:stone":15,"minecraft:flower_pot":2,"minecraft:oak_sapling":21,"minecraft:spider_eye":1,"minecraft:cow_spawn_egg":3,"minecraft:blue_orchid":2,"minecraft:red_sand":1,"minecraft:calcite":8,"graveyard:dark_iron_bars":1},"minecraft:killed_by":{"alexsmobs:tusklin":1,"minecraft:skeleton":1},"minecraft:custom":{"minecraft:interact_with_crafting_table":11,"minecraft:open_barrel":6,"minecraft:bell_ring":28,"minecraft:leave_game":60,"minecraft:time_since_death":136309,"minecraft:sprint_one_cm":706342,"minecraft:drop":228,"minecraft:talked_to_villager":5,"minecraft:play_time":1251279,"minecraft:deaths":4,"minecraft:jump":3684,"minecraft:walk_on_water_one_cm":63288,"minecraft:interact_with_furnace":4,"minecraft:interact_with_loom":3,"minecraft:sleep_in_bed":28,"minecraft:damage_dealt":11623,"minecraft:crouch_one_cm":23072,"tombstone:undead_killed":30,"tombstone:villager_killed":11,"minecraft:horse_one_cm":325468,"minecraft:mob_kills":56,"minecraft:interact_with_anvil":2,"minecraft:climb_one_cm":10276,"minecraft:walk_one_cm":3139779,"minecraft:damage_dealt_absorbed":1554,"minecraft:sneak_time":10606,"minecraft:walk_under_water_one_cm":22398,"minecraft:total_world_time":1251279,"tombstone:raider_killed":4,"minecraft:interact_with_grindstone":1,"minecraft:time_since_rest":26216,"minecraft:damage_taken":1815,"minecraft:damage_absorbed":2410,"minecraft:swim_one_cm":9776,"minecraft:fly_one_cm":2119427,"minecraft:open_chest":81,"minecraft:fall_one_cm":58522},"minecraft:mined":{"create:deepslate_zinc_ore":9,"biomemakeover:reed":5,"minecraft:granite":3,"minecraft:budding_amethyst":1,"minecraft:red_sand":1,"minecraft:grass_block":12,"minecraft:spawner":2,"minecraft:mossy_cobblestone_slab":1,"minecraft:iron_ore":8,"minecraft:cobbled_deepslate":5,"biomemakeover:swamp_cypress_log":31,"minecraft:polished_deepslate_slab":7,"minecraft:dirt_path":1,"minecraft:black_candle":2,"minecraft:deepslate_redstone_ore":4,"horror_element_mod:dead_experiment":1,"minecraft:blackstone":1,"biomemakeover:marigold":2,"graveyard:deepslate_gravestone":2,"minecraft:amethyst_cluster":15,"minecraft:soul_lantern":2,"minecraft:torch":2,"minecraft:calcite":2,"minecraft:poppy":1,"minecraft:cobblestone":33,"minecraft:damaged_anvil":1,"minecraft:wall_torch":3,"minecraft:amethyst_block":1,"mca:cross_headstone":3,"minecraft:skeleton_skull":1,"minecraft:white_terracotta":3,"graveyard:oak_coffin":7,"evilcraft:dark_ore_deepslate":3,"minecraft:black_bed":6,"graveyard:skull_pile":1,"minecraft:stone_brick_stairs":2,"minecraft:grass":7,"minecraft:oak_log":88,"minecraft:dirt":19,"minecraft:oak_leaves":7,"minecraft:deepslate":23,"biomemakeover:willow_leaves":5,"create:zinc_ore":10,"minecraft:mossy_cobblestone":1,"minecraft:deepslate_diamond_ore":1,"minecraft:potted_flowering_azalea_bush":1,"minecraft:cobbled_deepslate_slab":3,"biomemakeover:water_lily":1,"biomemakeover:cattail":2,"minecraft:spruce_leaves":2,"minecraft:moss_block":1,"minecraft:large_fern":3,"minecraft:dead_brain_coral":1,"graveyard:tg_moss_block":3,"minecraft:acacia_wood":14,"minecraft:stripped_spruce_log":14,"minecraft:chiseled_deepslate":1,"evilcraft:dark_ore":2,"minecraft:deepslate_iron_ore":2,"minecraft:cobblestone_slab":4,"graveyard:blue_urn":1,"minecraft:stone":203,"minecraft:stone_brick_slab":3,"minecraft:oak_fence":17,"minecraft:cornflower":1,"minecraft:oak_wood":90,"minecraft:stone_slab":3,"minecraft:tall_grass":1,"minecraft:copper_ore":27,"minecraft:deepslate_gold_ore":1,"biomemakeover:willow_log":48,"graveyard:small_white_urn":1,"minecraft:coarse_dirt":1,"graveyard:vase_block":5,"minecraft:birch_leaves":27,"graveyard:dark_iron_bars":19,"minecraft:coal_ore":37,"evilcraft:blood_stain":1,"minecraft:zombie_head":1,"minecraft:dripstone_block":3,"minecraft:gravel":4,"graveyard:leaning_skeleton":1,"minecraft:cracked_stone_bricks":5,"minecraft:stone_bricks":6,"minecraft:chipped_anvil":1,"minecraft:fern":1},"minecraft:used":{"wom:satsujin":3,"cozy_home:quartz_sink_counter":1,"minecraft:spruce_slab":88,"minecraft:poppy":12,"minecraft:ladder":4,"farmersdelight:stove":1,"minecraft:chest":25,"fantasyfurniture:nordic/floor_light":6,"minecraft:stone":196,"farmersdelight:birch_cabinet":1,"create:brass_ladder":6,"minecraft:rotten_flesh":10,"fantasyfurniture:royal/floor_light":2,"fantasyfurniture:nordic/dresser":1,"minecraft:carrot":209,"minecraft:deepslate_tile_slab":58,"easy_npc:humanoid_spawn_egg":7,"minecraft:stripped_spruce_log":114,"fantasyfurniture:nordic/wardrobe_bottom":1,"cozy_home:crimson_grandfather_clock":1,"tombstone:decorative_grave_simple":1,"biomemakeover:red_tapestry":1,"minecraft:lava_bucket":1,"minecraft:villager_spawn_egg":2,"cozy_home:quartz_mirror_stand":1,"fantasyfurniture:nordic/bookshelf":3,"minecraft:lantern":227,"minecraft:grass_block":1176,"farmersdelight:rice_roll_medley_block":1,"minecraft:netherite_hoe":177,"fantasyfurniture:dunmer/chandelier":1,"fantasyfurniture:decorations/royal_floor_cushion":3,"minecraft:stone_brick_stairs":175,"minecraft:stone_bricks":2547,"minecraft:red_carpet":15,"minecraft:item_frame":9,"minecraft:birch_trapdoor":7,"minecraft:stripped_mangrove_log":78,"cozy_home:black_lamp":1,"fantasyfurniture:nordic/chandelier":1,"farmersdelight:cutting_board":1,"minecraft:scaffolding":9,"cozy_home:quartz_mirror":2,"minecraft:furnace":1,"cozy_home:quartz_counter":9,"cozy_home:quartz_grandfather_clock":3,"minecraft:mangrove_leaves":2,"graveyard:deepslate_gravestone":2,"cozy_home:sofa_black":1,"epicfight:skillbook":3,"easy_npc:easy_npc_wand":2,"graveyard:small_white_urn":1,"minecraft:cow_spawn_egg":4,"simpledrills:multi_drill":14,"days_in_the_middle_ages:animal_trough_spruce":1,"minecraft:gray_carpet":1,"minecraft:mangrove_planks":35,"minecraft:oak_planks":363,"beautify:botanist_workbench":3,"minecraft:composter":2,"beautify:hanging_pot":14,"fantasyfurniture:royal/door_single":1,"minecraft:blue_bed":1,"graveyard:dark_iron_bars":17,"minecraft:diamond_axe":355,"days_in_the_middle_ages:windowtop":26,"fantasyfurniture:royal/wall_light":1,"cozy_home:quartz_storage_counter":3,"minecraft:oak_leaves":30,"minecraft:dark_oak_trapdoor":8,"minecraft:loom":1,"mca:female_villager_spawn_egg":19,"minecraft:black_banner":2,"minecraft:stone_brick_wall":244,"minecraft:dripstone_block":1,"minecraft:black_bed":15,"minecraft:birch_fence":2,"farmersdelight:black_canvas_sign":2,"days_in_the_middle_ages:animaltroughoaktwo":3,"fantasyfurniture:nordic/table_large":3,"minecraft:birch_fence_gate":3,"minecraft:zombie_head":2,"fantasyfurniture:royal/door_double":2,"minecraft:cyan_bed":4,"minecraft:string":1,"minecraft:stone_button":25,"cozy_home:black_tent":1,"fantasyfurniture:nordic/drawer":2,"graveyard:blue_urn":1,"magistuarmory:gothic_boots":1,"easy_npc:fairy_spawn_egg":1,"epicfight:diamond_dagger":151,"mca:cross_headstone":11,"minecraft:grindstone":3,"minecraft:dark_oak_fence":2,"farmersdelight:spruce_cabinet":1,"minecraft:chain":28,"cozy_home:spruce_grandfather_clock":3,"minecraft:experience_bottle":18,"minecraft:oak_fence":490,"fantasyfurniture:royal/painting_wide":2,"minecraft:oak_trapdoor":27,"beautify:lamp_candelabra_yellow":3,"minecraft:netherite_sword":4,"minecraft:iron_bars":2,"minecraft:armor_stand":9,"minecraft:spruce_planks":485,"days_in_the_middle_ages:animaltroughspruceone":1,"graveyard:oak_coffin":3,"minecraft:oak_door":3,"fantasyfurniture:nordic/painting_wide":1,"minecraft:torch":322,"minecraft:dirt":245,"minecraft:anvil":2,"cgm:workbench":1,"tombstone:easter_egg_food":1,"minecraft:spruce_stairs":90,"minecraft:cobblestone_wall":1,"fantasyfurniture:royal/chandelier":5,"minecraft:stone_stairs":3,"minecraft:oak_wood":6,"minecraft:spruce_fence":24,"minecraft:granite":5,"minecraft:oak_fence_gate":4,"wom:iron_greataxe":21,"beautify:oak_trellis":28,"minecraft:stone_brick_slab":286,"minecraft:bookshelf":1,"minecraft:oak_stairs":336,"beautify:dark_oak_picture_frame":1,"fantasyfurniture:decorations/royal_wall_mirror_small":1,"wom:antitheus":53,"days_in_the_middle_ages:animaltroughsprucetwo":7,"fantasyfurniture:nordic/chest":1,"days_in_the_middle_ages:arrow_slit_mossy":1,"days_in_the_middle_ages:cell_window":4,"farmersdelight:cooking_pot":1,"tombstone:gift":6,"minecraft:acacia_wood":3,"minecraft:cobbled_deepslate":72,"minecraft:light_gray_bed":1,"simpledrills:iron_drill":58,"minecraft:cobbled_deepslate_wall":17,"cozy_home:quartz_wall_clock":1,"mca:male_villager_spawn_egg":9,"minecraft:water_bucket":55,"minecraft:cobblestone_stairs":18,"minecraft:dirt_path":302,"minecraft:dark_oak_hanging_sign":3,"farmersdelight:honey_glazed_ham_block":3,"farmersdelight:dark_oak_cabinet":1,"minecraft:cobblestone_slab":16,"minecraft:stonecutter":1,"minecraft:sheep_spawn_egg":11,"minecraft:spruce_fence_gate":28,"minecraft:horse_spawn_egg":6,"cozy_home:chandelier_golden":1,"fantasyfurniture:nordic/desk_right":4,"minecraft:polished_deepslate_slab":1,"minecraft:light_gray_banner":1,"minecraft:rail":9,"minecraft:vine":1,"minecraft:oak_slab":52,"minecraft:crafting_table":1,"minecraft:red_bed":2,"backpacked:oak_backpack_shelf":1,"minecraft:dark_oak_fence_gate":8,"minecraft:white_bed":4,"minecraft:campfire":1,"fantasyfurniture:nordic/sofa":17,"minecraft:deepslate_tile_wall":49,"tombstone:bag_of_seeds":2,"minecraft:oak_log":213,"days_in_the_middle_ages:arrow_slit":2,"minecraft:diamond_pickaxe":445,"create:andesite_ladder":1,"minecraft:pig_spawn_egg":15,"fantasyfurniture:dunmer/table_wide":1,"minecraft:stone_slab":12,"minecraft:spruce_trapdoor":169,"days_in_the_middle_ages:windowbottom":2,"minecraft:pink_bed":5,"fantasyfurniture:nordic/bed_single":1,"minecraft:cobblestone":150,"minecraft:azalea_leaves":1,"minecraft:cobbled_deepslate_slab":19,"minecraft:cooked_porkchop":16,"minecraft:red_banner":8,"minecraft:glass_pane":119,"beautify:rope":2,"minecraft:stripped_oak_log":446,"farmersdelight:red_hanging_canvas_sign":1},"minecraft:crafted":{"minecraft:oak_planks":20,"minecraft:stone":7,"minecraft:crafting_table":1,"minecraft:book":1,"minecraft:stick":56,"minecraft:iron_ingot":5,"minecraft:iron_block":1,"minecraft:golden_chestplate":1,"minecraft:furnace":1,"evilcraft:darkened_apple":2,"simpledrills:iron_drill":1,"mca:engagement_ring":1,"minecraft:air":0,"minecraft:acacia_planks":44,"minecraft:torch":140,"mca:wedding_ring":1},"minecraft:killed":{"minecraft:witch":2,"minecraft:spider":2,"minecraft:skeleton":11,"minecraft:trader_llama":2,"minecraft:zombie":18,"mca:male_villager":2,"minecraft:cow":2,"minecraft:drowned":1,"alexsmobs:tusklin":3,"alexsmobs:moose":1,"mca:female_villager":8,"minecraft:villager":1},"minecraft:picked_up":{"minecraft:chiseled_deepslate":2,"minecraft:flower_pot":2,"minecraft:lead":2,"minecraft:stone_brick_stairs":2,"tombstone:grave_key":1,"minecraft:amethyst_block":6,"minecraft:string":19,"minecraft:raw_copper":312,"minecraft:red_candle":3,"minecraft:zombie_head":1,"minecraft:oak_sign":4,"minecraft:red_sand":1,"minecraft:cobbled_deepslate":92,"minecraft:cobblestone_slab":1,"minecraft:calcite":8,"minecraft:enchanted_golden_apple":1,"biomemakeover:swamp_cypress_log":27,"minecraft:stick":18,"minecraft:oak_fence":16,"graveyard:deepslate_gravestone":2,"minecraft:torch":14,"epicfight:skillbook":2,"minecraft:porkchop":9,"tombstone:grave_dust":13,"minecraft:pointed_dripstone":1,"minecraft:light_gray_banner":1,"minecraft:golden_chestplate":1,"minecraft:brown_carpet":3,"minecraft:rotten_flesh":33,"beautify:lamp_candelabra_yellow":1,"minecraft:white_terracotta":3,"biomemakeover:water_lily":2,"minecraft:cobblestone":524,"minecraft:mossy_cobblestone_slab":1,"minecraft:black_bed":6,"epicfight:diamond_dagger":1,"minecraft:prismarine_bricks":2,"graveyard:blue_urn":1,"create:raw_zinc":56,"minecraft:dirt":48,"minecraft:lantern":9,"minecraft:purple_carpet":5,"minecraft:chipped_anvil":1,"minecraft:bone":80,"minecraft:orange_tulip":4,"minecraft:wheat_seeds":24,"minecraft:raw_gold":5,"minecraft:cobbled_deepslate_slab":5,"minecraft:moss_block":2,"easy_npc:easy_npc_wand":1,"minecraft:oak_planks":2,"beautify:hanging_pot":2,"minecraft:sheep_spawn_egg":1,"minecraft:stripped_spruce_log":105,"minecraft:lily_of_the_valley":4,"cozy_home:quartz_grandfather_clock":1,"graveyard:oak_coffin":6,"minecraft:white_candle":3,"biomemakeover:marigold":2,"minecraft:diamond":5,"minecraft:soul_lantern":4,"minecraft:granite":4,"minecraft:bone_meal":10,"alexsmobs:moose_ribs":1,"minecraft:oak_sapling":22,"minecraft:cocoa_beans":2,"minecraft:coarse_dirt":2,"minecraft:brown_mushroom":1,"backpacked:backpack":2,"minecraft:cornflower":1,"minecraft:white_carpet":5,"minecraft:blackstone":1,"minecraft:blue_orchid":2,"minecraft:poppy":3,"biomemakeover:willow_log":43,"minecraft:birch_sapling":5,"minecraft:raw_iron":20,"minecraft:polished_deepslate_slab":7,"minecraft:copper_ingot":4,"cozy_home:crimson_grandfather_clock":1,"evilcraft:origins_of_darkness":1,"graveyard:dark_iron_bars":19,"minecraft:carrot":18,"minecraft:redstone":59,"minecraft:jungle_sign":2,"minecraft:arrow":13,"minecraft:hay_block":15,"create_sa:brass_drone_item":2,"tombstone:essence_of_undeath":1,"minecraft:gold_ingot":27,"minecraft:mutton":2,"minecraft:white_wool":1,"minecraft:skeleton_skull":14,"minecraft:bone_block":1,"minecraft:oxeye_daisy":1,"minecraft:stripped_oak_log":65,"minecraft:leather":1,"alexsmobs:acacia_blossom":2,"minecraft:acacia_wood":14,"minecraft:oak_log":82,"minecraft:white_banner":3,"graveyard:small_white_urn":1,"minecraft:apple":2,"minecraft:iron_ingot":53,"minecraft:cobweb":5,"create_sa:vault_component":1,"tombstone:bag_of_seeds":1,"minecraft:acacia_sapling":6,"minecraft:flowering_azalea":1,"minecraft:smooth_basalt":5,"minecraft:black_candle":6,"minecraft:dandelion":2,"minecraft:dripstone_block":11,"minecraft:torchflower_seeds":3,"minecraft:amethyst_shard":62,"minecraft:spruce_sapling":1,"minecraft:spruce_log":36,"minecraft:spider_eye":1,"minecraft:oak_wood":65,"biomemakeover:willow_sapling":22,"evilcraft:dark_gem":29,"minecraft:damaged_anvil":1,"minecraft:coal":51}},"DataVersion":3465}